[{"breedID":0,"BreedType":"","BreedName":"<Unspecified>"},
{"breedID":3,"BreedType":"Cat","BreedName":"Abyssinian"},
{"breedID":4,"BreedType":"Dog","BreedName":"Affenpinscher"},
{"breedID":5,"BreedType":"Dog","BreedName":"Afghan"},
{"breedID":6,"BreedType":"Dog","BreedName":"Afghan Hound"},
{"breedID":8,"BreedType":"Dog","BreedName":"Airdale"},
{"breedID":9,"BreedType":"Dog","BreedName":"Airedale Terrier"},
{"breedID":10,"BreedType":"Dog","BreedName":"Akita"},
{"breedID":11,"BreedType":"Dog","BreedName":"Alaskan Husky"},
{"breedID":12,"BreedType":"Dog","BreedName":"Alaskan Malamute"},
{"breedID":13,"BreedType":"Dog","BreedName":"Am. Eskimo (Spitz)"},
{"breedID":14,"BreedType":"Dog","BreedName":"Am. Staffordshire Terrier"},
{"breedID":15,"BreedType":"Dog","BreedName":"Am. Water Spaniel"},
{"breedID":17,"BreedType":"Dog","BreedName":"American Bulldog"},
{"breedID":18,"BreedType":"Cat","BreedName":"American Curl"},
{"breedID":19,"BreedType":"Dog","BreedName":"American English Coonhound"},
{"breedID":20,"BreedType":"Dog","BreedName":"American Eskimo"},
{"breedID":21,"BreedType":"Dog","BreedName":"American Eskimo Dog"},
{"breedID":22,"BreedType":"Dog","BreedName":"American Foxhound"},
{"breedID":25,"BreedType":"Cat","BreedName":"American Shorthair"},
{"breedID":26,"BreedType":"Dog","BreedName":"American Staffordshire Terrier"},
{"breedID":27,"BreedType":"Dog","BreedName":"American Water Spaniel"},
{"breedID":28,"BreedType":"Cat","BreedName":"American Wirehair"},
{"breedID":29,"BreedType":"Dog","BreedName":"Anatolian Shepherd"},
{"breedID":30,"BreedType":"Dog","BreedName":"Anatolian Shepherd Dog"},
{"breedID":31,"BreedType":"Dog","BreedName":"Appenzeller Sennenhunde"},
{"breedID":32,"BreedType":"Dog","BreedName":"Argentine Dogo"},
{"breedID":33,"BreedType":"Dog","BreedName":"Argentino Dojo"},
{"breedID":35,"BreedType":"Dog","BreedName":"Austrailian Cattle Dog"},
{"breedID":36,"BreedType":"Dog","BreedName":"Austrailian Shepherd"},
{"breedID":37,"BreedType":"Dog","BreedName":"Australian Cattle Dog"},
{"breedID":38,"BreedType":"Dog","BreedName":"Australian Cattle Dog/Blue Heeler"},
{"breedID":39,"BreedType":"Cat","BreedName":"Australian Mist"},
{"breedID":40,"BreedType":"Dog","BreedName":"Australian Sheep Dog (Aussie)"},
{"breedID":41,"BreedType":"Dog","BreedName":"Australian Shepherd"},
{"breedID":42,"BreedType":"Dog","BreedName":"Australian Shepherd (Aussie)"},
{"breedID":43,"BreedType":"Dog","BreedName":"Australian Terrier"},
{"breedID":44,"BreedType":"Dog","BreedName":"Azawakh"},
{"breedID":45,"BreedType":"Cat","BreedName":"Balinese"},
{"breedID":46,"BreedType":"Dog","BreedName":"Barbet"},
{"breedID":47,"BreedType":"Dog","BreedName":"Basenji"},
{"breedID":48,"BreedType":"Dog","BreedName":"Basset"},
{"breedID":49,"BreedType":"Dog","BreedName":"Basset Hound"},
{"breedID":50,"BreedType":"Dog","BreedName":"Bassett"},
{"breedID":51,"BreedType":"Dog","BreedName":"Beagel"},
{"breedID":52,"BreedType":"Dog","BreedName":"Beagle"},
{"breedID":53,"BreedType":"Dog","BreedName":"Bearded Collie"},
{"breedID":54,"BreedType":"Dog","BreedName":"Beauceron"},
{"breedID":55,"BreedType":"Dog","BreedName":"Bedlington Terrier"},
{"breedID":56,"BreedType":"Dog","BreedName":"Belgian Laekenois"},
{"breedID":57,"BreedType":"Dog","BreedName":"Belgian Malinois"},
{"breedID":58,"BreedType":"Dog","BreedName":"Belgian Sheepdog"},
{"breedID":59,"BreedType":"Dog","BreedName":"Belgian Tervuren"},
{"breedID":60,"BreedType":"Cat","BreedName":"Bengal"},
{"breedID":62,"BreedType":"Dog","BreedName":"Bergamasco"},
{"breedID":63,"BreedType":"Dog","BreedName":"Berger Picard"},
{"breedID":64,"BreedType":"Dog","BreedName":"Bernese Mountain Dog"},
{"breedID":65,"BreedType":"Dog","BreedName":"Bichon Bolognese"},
{"breedID":66,"BreedType":"Dog","BreedName":"Bichon Frise"},
{"breedID":67,"BreedType":"Cat","BreedName":"Birman"},
{"breedID":68,"BreedType":"Dog","BreedName":"Black and Tan Coonhound"},
{"breedID":69,"BreedType":"Dog","BreedName":"Black Russian Terrier"},
{"breedID":70,"BreedType":"Dog","BreedName":"Bloodhound"},
{"breedID":71,"BreedType":"Dog","BreedName":"Blue Tick hound"},
{"breedID":72,"BreedType":"Dog","BreedName":"Blueheeler"},
{"breedID":73,"BreedType":"Dog","BreedName":"Bluetick Coonhound"},
{"breedID":74,"BreedType":"Dog","BreedName":"Bluetick Hound"},
{"breedID":75,"BreedType":"Dog","BreedName":"Boerboel"},
{"breedID":76,"BreedType":"Dog","BreedName":"Bolognese"},
{"breedID":77,"BreedType":"Cat","BreedName":"Bombay"},
{"breedID":78,"BreedType":"Dog","BreedName":"Border Collie"},
{"breedID":79,"BreedType":"Dog","BreedName":"Border Terrier"},
{"breedID":80,"BreedType":"Dog","BreedName":"Borzoi"},
{"breedID":81,"BreedType":"Dog","BreedName":"Boston Terrier"},
{"breedID":82,"BreedType":"Dog","BreedName":"Bouvier des Flandres"},
{"breedID":83,"BreedType":"Dog","BreedName":"Boxer"},
{"breedID":84,"BreedType":"Dog","BreedName":"Boykin Spaniel"},
{"breedID":85,"BreedType":"Dog","BreedName":"Bracco Italiano"},
{"breedID":87,"BreedType":"Dog","BreedName":"Briard"},
{"breedID":89,"BreedType":"Cat","BreedName":"British Longhair"},
{"breedID":90,"BreedType":"Cat","BreedName":"British Shorthair"},
{"breedID":91,"BreedType":"Dog","BreedName":"Brittany"},
{"breedID":92,"BreedType":"Dog","BreedName":"Brittany Spaniel"},
{"breedID":93,"BreedType":"Dog","BreedName":"Brussels Griffon"},
{"breedID":94,"BreedType":"Dog","BreedName":"Bull Terrier"},
{"breedID":95,"BreedType":"Dog","BreedName":"Bulldog"},
{"breedID":96,"BreedType":"Dog","BreedName":"Bullmastif"},
{"breedID":97,"BreedType":"Dog","BreedName":"Bullmastiff"},
{"breedID":98,"BreedType":"Cat","BreedName":"Burmese"},
{"breedID":100,"BreedType":"Dog","BreedName":"Cairn Terrier"},
{"breedID":102,"BreedType":"Cat","BreedName":"California Spangled Cat"},
{"breedID":103,"BreedType":"Dog","BreedName":"Canaan Dog"},
{"breedID":104,"BreedType":"Dog","BreedName":"Cane Corso"},
{"breedID":106,"BreedType":"Dog","BreedName":"Cardigan Welsh Corgi"},
{"breedID":107,"BreedType":"Dog","BreedName":"Carolina Dog"},
{"breedID":109,"BreedType":"Dog","BreedName":"Catahoula Leopard Dog"},
{"breedID":110,"BreedType":"Dog","BreedName":"Caucasian Ovcharka"},
{"breedID":111,"BreedType":"Dog","BreedName":"Cavachon"},
{"breedID":112,"BreedType":"Dog","BreedName":"Cavalier King Charles Spaniel"},
{"breedID":113,"BreedType":"Dog","BreedName":"Cavapoo"},
{"breedID":114,"BreedType":"Dog","BreedName":"Central Asian Shepherd Dog"},
{"breedID":115,"BreedType":"Dog","BreedName":"Cesky Terrier"},
{"breedID":116,"BreedType":"Cat","BreedName":"Chantilly/Tiffany"},
{"breedID":119,"BreedType":"Cat","BreedName":"Chartreux"},
{"breedID":122,"BreedType":"Dog","BreedName":"Chesapeake Bay Ret."},
{"breedID":123,"BreedType":"Dog","BreedName":"Chesapeake Bay Retriever"},
{"breedID":124,"BreedType":"Dog","BreedName":"Chihuahua"},
{"breedID":125,"BreedType":"Dog","BreedName":"Chinese Crested"},
{"breedID":126,"BreedType":"Dog","BreedName":"Chinese Shar-Pei"},
{"breedID":127,"BreedType":"Dog","BreedName":"Chinook"},
{"breedID":128,"BreedType":"Dog","BreedName":"Chipoo"},
{"breedID":129,"BreedType":"Dog","BreedName":"Chow"},
{"breedID":130,"BreedType":"Dog","BreedName":"Chow Chow"},
{"breedID":131,"BreedType":"Dog","BreedName":"Cirneco dell'Etna"},
{"breedID":132,"BreedType":"Dog","BreedName":"Clumber Spaniel"},
{"breedID":133,"BreedType":"Dog","BreedName":"Cock-a-poo"},
{"breedID":134,"BreedType":"Dog","BreedName":"Cockapoo"},
{"breedID":135,"BreedType":"Dog","BreedName":"Cocker Spaniel"},
{"breedID":136,"BreedType":"Dog","BreedName":"Collie"},
{"breedID":137,"BreedType":"Cat","BreedName":"Colorpoint Shorthair"},
{"breedID":138,"BreedType":"Dog","BreedName":"Coonhound"},
{"breedID":139,"BreedType":"Dog","BreedName":"Corgi"},
{"breedID":140,"BreedType":"Cat","BreedName":"Cornish Rex"},
{"breedID":141,"BreedType":"Dog","BreedName":"Coton de Tulear"},
{"breedID":142,"BreedType":"Dog","BreedName":"Curly-Coated Retriever"},
{"breedID":143,"BreedType":"Cat","BreedName":"Cymric"},
{"breedID":144,"BreedType":"Dog","BreedName":"Czechoslovakian Wolfdog"},
{"breedID":145,"BreedType":"Dog","BreedName":"Dachshund"},
{"breedID":146,"BreedType":"Dog","BreedName":"Dalmatian"},
{"breedID":147,"BreedType":"Dog","BreedName":"Dalmation"},
{"breedID":148,"BreedType":"Dog","BreedName":"Dandie Dinmont Terrier"},
{"breedID":149,"BreedType":"Dog","BreedName":"Deerhound"},
{"breedID":152,"BreedType":"Cat","BreedName":"Devon Rex"},
{"breedID":154,"BreedType":"Dog","BreedName":"Doberman"},
{"breedID":155,"BreedType":"Dog","BreedName":"Doberman Minature"},
{"breedID":156,"BreedType":"Dog","BreedName":"Doberman Pinscher"},
{"breedID":157,"BreedType":"Dog","BreedName":"Dogo Argentino"},
{"breedID":158,"BreedType":"Dog","BreedName":"Dogue de Bordeaux"},
{"breedID":164,"BreedType":"Dog","BreedName":"Dotson"},
{"breedID":167,"BreedType":"Dog","BreedName":"English Bulldog"},
{"breedID":168,"BreedType":"Dog","BreedName":"English Cocker Spaniel"},
{"breedID":169,"BreedType":"Dog","BreedName":"English Foxhound"},
{"breedID":170,"BreedType":"Dog","BreedName":"English Setter"},
{"breedID":171,"BreedType":"Dog","BreedName":"English Shepherd"},
{"breedID":172,"BreedType":"Dog","BreedName":"English Springer Spaniel"},
{"breedID":173,"BreedType":"Dog","BreedName":"English Toy Spaniel"},
{"breedID":174,"BreedType":"Dog","BreedName":"Entlebucher Mountain Dog"},
{"breedID":175,"BreedType":"Dog","BreedName":"Estrela Mountain Dog"},
{"breedID":179,"BreedType":"Cat","BreedName":"Exotic Shorthair"},
{"breedID":180,"BreedType":"Dog","BreedName":"Field Spaniel"},
{"breedID":181,"BreedType":"Dog","BreedName":"Finnish Lapphund"},
{"breedID":182,"BreedType":"Dog","BreedName":"Finnish Spitz"},
{"breedID":183,"BreedType":"Dog","BreedName":"Flat-Coated Retriever"},
{"breedID":184,"BreedType":"Dog","BreedName":"Formosan Mountain Dog"},
{"breedID":185,"BreedType":"Dog","BreedName":"Fox Terrier"},
{"breedID":186,"BreedType":"Dog","BreedName":"Fox Terrier, Smooth"},
{"breedID":187,"BreedType":"Dog","BreedName":"Fox Terrier, Toy"},
{"breedID":188,"BreedType":"Dog","BreedName":"Fox Terrier, Wirehaired"},
{"breedID":189,"BreedType":"Dog","BreedName":"Foxhound"},
{"breedID":190,"BreedType":"Dog","BreedName":"French Brittany Spaniel"},
{"breedID":191,"BreedType":"Dog","BreedName":"French Bulldog"},
{"breedID":192,"BreedType":"Dog","BreedName":"German Pinscher"},
{"breedID":193,"BreedType":"Cat","BreedName":"German Rex"},
{"breedID":194,"BreedType":"Dog","BreedName":"German Sheperd"},
{"breedID":195,"BreedType":"Dog","BreedName":"German Shepherd"},
{"breedID":196,"BreedType":"Dog","BreedName":"German Shepherd Dog"},
{"breedID":197,"BreedType":"Dog","BreedName":"German Shorthair Pointer"},
{"breedID":198,"BreedType":"Dog","BreedName":"German Shorthaired Pointer"},
{"breedID":199,"BreedType":"Dog","BreedName":"German Spitz"},
{"breedID":200,"BreedType":"Dog","BreedName":"German Wirehair Pointer"},
{"breedID":201,"BreedType":"Dog","BreedName":"German Wirehaired Pointer"},
{"breedID":202,"BreedType":"Dog","BreedName":"Giant Schnauzer"},
{"breedID":203,"BreedType":"Dog","BreedName":"Glen of Imaal Terrier"},
{"breedID":204,"BreedType":"Other","BreedName":"Goat"},
{"breedID":205,"BreedType":"Dog","BreedName":"Golden Retriever"},
{"breedID":206,"BreedType":"Dog","BreedName":"Goldendoodle"},
{"breedID":207,"BreedType":"Dog","BreedName":"Gordon Setter"},
{"breedID":208,"BreedType":"Dog","BreedName":"Grand Basset Griffon Vendéen"},
{"breedID":209,"BreedType":"Dog","BreedName":"Great Dane"},
{"breedID":210,"BreedType":"Dog","BreedName":"Great Pyrenees"},
{"breedID":211,"BreedType":"Dog","BreedName":"Great Swiss Mtn. Dog"},
{"breedID":212,"BreedType":"Dog","BreedName":"Greater Swiss Mountain Dog"},
{"breedID":213,"BreedType":"Dog","BreedName":"Greyhound"},
{"breedID":214,"BreedType":"Dog","BreedName":"Griffon"},
{"breedID":215,"BreedType":"Dog","BreedName":"Griffon, Wirehaired Pointing"},
{"breedID":216,"BreedType":"Dog","BreedName":"Harrier"},
{"breedID":218,"BreedType":"Dog","BreedName":"Havanese"},
{"breedID":221,"BreedType":"Dog","BreedName":"Hounddog"},
{"breedID":222,"BreedType":"Dog","BreedName":"Ibizan Hound"},
{"breedID":223,"BreedType":"Dog","BreedName":"Icelandic Sheepdog"},
{"breedID":225,"BreedType":"Dog","BreedName":"Irish Red and White Setter"},
{"breedID":226,"BreedType":"Dog","BreedName":"Irish Setter"},
{"breedID":227,"BreedType":"Dog","BreedName":"Irish Terrier"},
{"breedID":228,"BreedType":"Dog","BreedName":"Irish Water Spaniel"},
{"breedID":229,"BreedType":"Dog","BreedName":"Irish Wolfhound"},
{"breedID":230,"BreedType":"Dog","BreedName":"Italian Greyhound"},
{"breedID":231,"BreedType":"Dog","BreedName":"Italian Maremma"},
{"breedID":232,"BreedType":"Dog","BreedName":"Italian Spinone"},
{"breedID":233,"BreedType":"Dog","BreedName":"Jack Russel Terrier"},
{"breedID":234,"BreedType":"Dog","BreedName":"Jack Russell Terrier"},
{"breedID":237,"BreedType":"Dog","BreedName":"Japanese Chin"},
{"breedID":238,"BreedType":"Cat","BreedName":"Javanese"},
{"breedID":239,"BreedType":"Dog","BreedName":"Jindo"},
{"breedID":242,"BreedType":"Dog","BreedName":"Kai Ken"},
{"breedID":243,"BreedType":"Dog","BreedName":"Karelian Bear Dog"},
{"breedID":244,"BreedType":"Dog","BreedName":"Keeshond"},
{"breedID":245,"BreedType":"Dog","BreedName":"Kerry Blue Terrier"},
{"breedID":246,"BreedType":"Dog","BreedName":"King Charles Spaniel"},
{"breedID":247,"BreedType":"Dog","BreedName":"Kishu Ken"},
{"breedID":248,"BreedType":"Dog","BreedName":"Kle-Kli"},
{"breedID":249,"BreedType":"Dog","BreedName":"Klee Klai"},
{"breedID":250,"BreedType":"Dog","BreedName":"Komondor"},
{"breedID":251,"BreedType":"Dog","BreedName":"Kooikerhondje"},
{"breedID":252,"BreedType":"Cat","BreedName":"Korat"},
{"breedID":253,"BreedType":"Dog","BreedName":"Korean Jindo"},
{"breedID":254,"BreedType":"Dog","BreedName":"Kuvasz"},
{"breedID":255,"BreedType":"Dog","BreedName":"Labradoodle"},
{"breedID":256,"BreedType":"Dog","BreedName":"Labrador"},
{"breedID":257,"BreedType":"Dog","BreedName":"Labrador Retriever"},
{"breedID":258,"BreedType":"Dog","BreedName":"Lagotto Romagnolo"},
{"breedID":259,"BreedType":"Dog","BreedName":"Lakeland Terrier"},
{"breedID":260,"BreedType":"Dog","BreedName":"Lancashire Heeler"},
{"breedID":262,"BreedType":"Dog","BreedName":"Leonberger"},
{"breedID":263,"BreedType":"Dog","BreedName":"Lhasa Apso"},
{"breedID":264,"BreedType":"Dog","BreedName":"Lion Dog"},
{"breedID":265,"BreedType":"Dog","BreedName":"Löwchen"},
{"breedID":266,"BreedType":"Dog","BreedName":"Lucher"},
{"breedID":267,"BreedType":"Dog","BreedName":"Lucher Dog - Mix"},
{"breedID":269,"BreedType":"Cat","BreedName":"Maine Coon"},
{"breedID":270,"BreedType":"Dog","BreedName":"Malamute"},
{"breedID":271,"BreedType":"Dog","BreedName":"Maltese"},
{"breedID":272,"BreedType":"Dog","BreedName":"Maltipoo"},
{"breedID":273,"BreedType":"Dog","BreedName":"Manchester Terrier"},
{"breedID":274,"BreedType":"Cat","BreedName":"Manx"},
{"breedID":275,"BreedType":"Dog","BreedName":"Maremma"},
{"breedID":276,"BreedType":"Dog","BreedName":"Mastiff"},
{"breedID":277,"BreedType":"Dog","BreedName":"Mastiff, Neopolitan"},
{"breedID":278,"BreedType":"Dog","BreedName":"Mastiff, Pyrenean"},
{"breedID":279,"BreedType":"Dog","BreedName":"Mastiff, Tibetian"},
{"breedID":280,"BreedType":"Dog","BreedName":"Min"},
{"breedID":281,"BreedType":"Dog","BreedName":"Miniature Bull Terrier"},
{"breedID":282,"BreedType":"Dog","BreedName":"Miniature Pinscher"},
{"breedID":283,"BreedType":"Dog","BreedName":"Miniature Schnauzer"},
{"breedID":284,"BreedType":"Dog","BreedName":"Mix"},
{"breedID":285,"BreedType":"Dog","BreedName":"Mixed"},
{"breedID":287,"BreedType":"Dog","BreedName":"Morkie"},
{"breedID":288,"BreedType":"Dog","BreedName":"Morkiepoo"},
{"breedID":289,"BreedType":"Dog","BreedName":"Mudi"},
{"breedID":291,"BreedType":"Dog","BreedName":"Munsterlander"},
{"breedID":292,"BreedType":"Dog","BreedName":"Neapolitan Mastiff"},
{"breedID":294,"BreedType":"Dog","BreedName":"Newfoundland"},
{"breedID":295,"BreedType":"Dog","BreedName":"No Pet Yet"},
{"breedID":296,"BreedType":"Dog","BreedName":"Norfolk Terrier"},
{"breedID":297,"BreedType":"Dog","BreedName":"North Amer. Shepherd"},
{"breedID":298,"BreedType":"Dog","BreedName":"North American Shepherd (Mini Aussie)"},
{"breedID":299,"BreedType":"Dog","BreedName":"Norwegian Buhund"},
{"breedID":300,"BreedType":"Dog","BreedName":"Norwegian Elkhound"},
{"breedID":301,"BreedType":"Cat","BreedName":"Norwegian Forest Cat"},
{"breedID":302,"BreedType":"Dog","BreedName":"Norwegian Lundehund"},
{"breedID":303,"BreedType":"Dog","BreedName":"Norwegian Puffin Dog"},
{"breedID":304,"BreedType":"Dog","BreedName":"Norwich Terrier"},
{"breedID":305,"BreedType":"Dog","BreedName":"Nova Scotia Duck Tolling Retriever"},
{"breedID":306,"BreedType":"Cat","BreedName":"Ocicat"},
{"breedID":308,"BreedType":"Dog","BreedName":"Old Eng. Sheepdog"},
{"breedID":309,"BreedType":"Dog","BreedName":"Old English Sheepdog"},
{"breedID":313,"BreedType":"Dog","BreedName":"Other:"},
{"breedID":314,"BreedType":"Dog","BreedName":"Otter Hound"},
{"breedID":315,"BreedType":"Dog","BreedName":"Otterhound"},
{"breedID":317,"BreedType":"Dog","BreedName":"Papillion"},
{"breedID":318,"BreedType":"Dog","BreedName":"Papillon"},
{"breedID":319,"BreedType":"Dog","BreedName":"Parson Russel Terrier"},
{"breedID":320,"BreedType":"Dog","BreedName":"Parson Russell Terrier"},
{"breedID":321,"BreedType":"Dog","BreedName":"Peekapoo"},
{"breedID":322,"BreedType":"Dog","BreedName":"Pek-A-Poo"},
{"breedID":323,"BreedType":"Dog","BreedName":"Pekepoo"},
{"breedID":324,"BreedType":"Dog","BreedName":"Pekingese"},
{"breedID":325,"BreedType":"Dog","BreedName":"Pembroke Welsh Corgi"},
{"breedID":326,"BreedType":"Dog","BreedName":"Perro de Presa Canario"},
{"breedID":327,"BreedType":"Cat","BreedName":"Persian"},
{"breedID":328,"BreedType":"Dog","BreedName":"Peruvian Inca Orchid"},
{"breedID":329,"BreedType":"Cat","BreedName":"Peterbald"},
{"breedID":331,"BreedType":"Dog","BreedName":"Pharaoh Hound"},
{"breedID":332,"BreedType":"Dog","BreedName":"Pinscher"},
{"breedID":333,"BreedType":"Dog","BreedName":"Pinscher Minature"},
{"breedID":334,"BreedType":"Dog","BreedName":"Pit Bull"},
{"breedID":335,"BreedType":"Dog","BreedName":"Pit Bull Terrier"},
{"breedID":337,"BreedType":"Cat","BreedName":"Pixie-bob"},
{"breedID":338,"BreedType":"Dog","BreedName":"Plott"},
{"breedID":339,"BreedType":"Dog","BreedName":"Plott Hound"},
{"breedID":340,"BreedType":"Dog","BreedName":"Pointer"},
{"breedID":341,"BreedType":"Dog","BreedName":"Polish Hound"},
{"breedID":342,"BreedType":"Dog","BreedName":"Polish Lowland Sheepdog"},
{"breedID":343,"BreedType":"Dog","BreedName":"Pomeranian"},
{"breedID":344,"BreedType":"Dog","BreedName":"Poodle"},
{"breedID":345,"BreedType":"Dog","BreedName":"Poodle - Minature"},
{"breedID":346,"BreedType":"Dog","BreedName":"Poodle - Standard"},
{"breedID":347,"BreedType":"Dog","BreedName":"Poodle - Toy"},
{"breedID":348,"BreedType":"Dog","BreedName":"Portuguese Podengo"},
{"breedID":349,"BreedType":"Dog","BreedName":"Portuguese Pointer"},
{"breedID":350,"BreedType":"Dog","BreedName":"Portuguese Water Dog"},
{"breedID":351,"BreedType":"Dog","BreedName":"Pug"},
{"breedID":352,"BreedType":"Dog","BreedName":"Puggle"},
{"breedID":353,"BreedType":"Dog","BreedName":"Puli"},
{"breedID":354,"BreedType":"Dog","BreedName":"Pumi"},
{"breedID":356,"BreedType":"Dog","BreedName":"Pyrenean Mastiff"},
{"breedID":357,"BreedType":"Dog","BreedName":"Pyrenean Shepherd"},
{"breedID":358,"BreedType":"Dog","BreedName":"Pyrenees"},
{"breedID":359,"BreedType":"Dog","BreedName":"Queensland Terrier"},
{"breedID":360,"BreedType":"Dog","BreedName":"Rafeiro do Alentejo"},
{"breedID":361,"BreedType":"Cat","BreedName":"Ragdoll"},
{"breedID":363,"BreedType":"Dog","BreedName":"Rat Terrier"},
{"breedID":364,"BreedType":"Dog","BreedName":"Red Bone Hound"},
{"breedID":365,"BreedType":"Dog","BreedName":"Red Heeler"},
{"breedID":367,"BreedType":"Dog","BreedName":"Redbone Coonhound"},
{"breedID":368,"BreedType":"Dog","BreedName":"Retriever"},
{"breedID":369,"BreedType":"Dog","BreedName":"Rhodesian Ridgeback"},
{"breedID":370,"BreedType":"Dog","BreedName":"Rottweiler"},
{"breedID":371,"BreedType":"Dog","BreedName":"Russell Terrier"},
{"breedID":373,"BreedType":"Cat","BreedName":"Russian Blue"},
{"breedID":375,"BreedType":"Dog","BreedName":"Saint Bernard"},
{"breedID":376,"BreedType":"Dog","BreedName":"Saluki"},
{"breedID":377,"BreedType":"Dog","BreedName":"Samoyed"},
{"breedID":379,"BreedType":"Dog","BreedName":"Schapendoes"},
{"breedID":380,"BreedType":"Dog","BreedName":"Schipperke"},
{"breedID":381,"BreedType":"Dog","BreedName":"Schipperki"},
{"breedID":382,"BreedType":"Dog","BreedName":"Schnauzer"},
{"breedID":383,"BreedType":"Dog","BreedName":"Schnauzer Giant"},
{"breedID":384,"BreedType":"Dog","BreedName":"Schnauzer Minature"},
{"breedID":385,"BreedType":"Dog","BreedName":"Schnauzer Standard"},
{"breedID":386,"BreedType":"Dog","BreedName":"Schnauzer, Giant"},
{"breedID":387,"BreedType":"Dog","BreedName":"Schnauzer, Miniature"},
{"breedID":388,"BreedType":"Dog","BreedName":"Schnauzer, Standard"},
{"breedID":389,"BreedType":"Dog","BreedName":"Schnoodle"},
{"breedID":391,"BreedType":"Dog","BreedName":"Scottish Deerhound"},
{"breedID":394,"BreedType":"Dog","BreedName":"Scottish Terrier"},
{"breedID":395,"BreedType":"Dog","BreedName":"Sealyham Terrier"},
{"breedID":399,"BreedType":"Dog","BreedName":"Shar-pei"},
{"breedID":400,"BreedType":"Dog","BreedName":"Sheepdog"},
{"breedID":401,"BreedType":"Dog","BreedName":"Sheltie"},
{"breedID":402,"BreedType":"Dog","BreedName":"Sheltipoo"},
{"breedID":403,"BreedType":"Dog","BreedName":"Sheperd"},
{"breedID":404,"BreedType":"Dog","BreedName":"Shetland Sheepdog"},
{"breedID":405,"BreedType":"Dog","BreedName":"Shiba Inu"},
{"breedID":406,"BreedType":"Dog","BreedName":"Shih Tzu"},
{"breedID":407,"BreedType":"Dog","BreedName":"Shihpoo"},
{"breedID":408,"BreedType":"Cat","BreedName":"Siamese"},
{"breedID":410,"BreedType":"Cat","BreedName":"Siberian"},
{"breedID":411,"BreedType":"Dog","BreedName":"Siberian Husky"},
{"breedID":412,"BreedType":"Dog","BreedName":"Silky Terrier"},
{"breedID":413,"BreedType":"Cat","BreedName":"Singapura"},
{"breedID":414,"BreedType":"Dog","BreedName":"Skipperkee"},
{"breedID":415,"BreedType":"Dog","BreedName":"Skye Terrier"},
{"breedID":416,"BreedType":"Dog","BreedName":"Sloughi"},
{"breedID":417,"BreedType":"Dog","BreedName":"Small Munsterlander Pointer"},
{"breedID":418,"BreedType":"Dog","BreedName":"Smooth Fox Terrier"},
{"breedID":419,"BreedType":"Dog","BreedName":"Snoodle"},
{"breedID":420,"BreedType":"Cat","BreedName":"Snowshoe"},
{"breedID":421,"BreedType":"Dog","BreedName":"Soft Coated Wheaten Terrier"},
{"breedID":424,"BreedType":"Dog","BreedName":"Spaniel"},
{"breedID":425,"BreedType":"Dog","BreedName":"Spanish Water Dog"},
{"breedID":426,"BreedType":"Cat","BreedName":"Sphynx"},
{"breedID":427,"BreedType":"Dog","BreedName":"Spinone Italiano"},
{"breedID":428,"BreedType":"Dog","BreedName":"Spitz"},
{"breedID":429,"BreedType":"Dog","BreedName":"Springer Spaniel"},
{"breedID":430,"BreedType":"Dog","BreedName":"Stabyhoun"},
{"breedID":431,"BreedType":"Dog","BreedName":"Staffordshire Bull Terr. (Pit Bull)"},
{"breedID":432,"BreedType":"Dog","BreedName":"Staffordshire Bull Terrier"},
{"breedID":433,"BreedType":"Dog","BreedName":"Staffordshire Terrier"},
{"breedID":434,"BreedType":"Dog","BreedName":"Standard Schnauzer"},
{"breedID":435,"BreedType":"Dog","BreedName":"Sussex Spaniel"},
{"breedID":436,"BreedType":"Dog","BreedName":"Swedish Lapphund"},
{"breedID":437,"BreedType":"Dog","BreedName":"Swedish Vallhund"},
{"breedID":438,"BreedType":"Dog","BreedName":"Terrier"},
{"breedID":439,"BreedType":"Dog","BreedName":"Thai Ridgeback"},
{"breedID":440,"BreedType":"Dog","BreedName":"TIbetan Mastiff"},
{"breedID":441,"BreedType":"Dog","BreedName":"Tibetan Spaniel"},
{"breedID":442,"BreedType":"Dog","BreedName":"Tibetan Terrier"},
{"breedID":444,"BreedType":"Cat","BreedName":"Tonkinese"},
{"breedID":445,"BreedType":"Dog","BreedName":"Tosa"},
{"breedID":446,"BreedType":"Dog","BreedName":"Toy Fox Terrier"},
{"breedID":448,"BreedType":"Dog","BreedName":"Toza"},
{"breedID":449,"BreedType":"Dog","BreedName":"Treeing Tennessee Brindle"},
{"breedID":450,"BreedType":"Dog","BreedName":"Treeing Walker Coonhound"},
{"breedID":451,"BreedType":"Cat","BreedName":"Turkish Angora"},
{"breedID":452,"BreedType":"Cat","BreedName":"Turkish Van"},
{"breedID":453,"BreedType":"Dog","BreedName":"Unknown"},
{"breedID":455,"BreedType":"Dog","BreedName":"Vizla"},
{"breedID":456,"BreedType":"Dog","BreedName":"Vizsla"},
{"breedID":457,"BreedType":"Dog","BreedName":"Weimaraner"},
{"breedID":458,"BreedType":"Dog","BreedName":"Welsh Springer Spaniel"},
{"breedID":459,"BreedType":"Dog","BreedName":"Welsh Terrier"},
{"breedID":460,"BreedType":"Dog","BreedName":"West Highland Terr. (Westie)"},
{"breedID":461,"BreedType":"Dog","BreedName":"West Highland Terrier (Westie)"},
{"breedID":462,"BreedType":"Dog","BreedName":"West Highland White Terrier"},
{"breedID":463,"BreedType":"Dog","BreedName":"Wheaten Terrier"},
{"breedID":464,"BreedType":"Dog","BreedName":"Whippet"},
{"breedID":465,"BreedType":"Dog","BreedName":"Whoodle"},
{"breedID":466,"BreedType":"Dog","BreedName":"Wire Fox Terrier"},
{"breedID":467,"BreedType":"Dog","BreedName":"Wirehaired Pointing Griffon"},
{"breedID":468,"BreedType":"Dog","BreedName":"Wolfhound"},
{"breedID":469,"BreedType":"Dog","BreedName":"Xoloitzcuintli"},
{"breedID":470,"BreedType":"Dog","BreedName":"Yorkipoo"},
{"breedID":471,"BreedType":"Dog","BreedName":"Yorkshire Terrier"},
{"breedID":472,"BreedType":"Dog","BreedName":"Yorkshire Terrier (Yorkie)"},
{"breedID":473,"BreedType":"Cat","BreedName":"Aegean cat"},
{"breedID":474,"BreedType":"Cat","BreedName":"American Bobcat"},
{"breedID":475,"BreedType":"Cat","BreedName":"American Polydactyl"},
{"breedID":476,"BreedType":"Cat","BreedName":"Arabian Mau"},
{"breedID":477,"BreedType":"Cat","BreedName":"Asian Cat"},
{"breedID":478,"BreedType":"Cat","BreedName":"Asian Semi-longhair"},
{"breedID":479,"BreedType":"Cat","BreedName":"Bambino"},
{"breedID":480,"BreedType":"Cat","BreedName":"Cheetoh"},
{"breedID":481,"BreedType":"Cat","BreedName":"Domestic Longhair"},
{"breedID":482,"BreedType":"Cat","BreedName":"Domestic Shorthair"},
{"breedID":483,"BreedType":"Cat","BreedName":"Dragon Li"},
{"breedID":484,"BreedType":"Cat","BreedName":"Egyption Mau"},
{"breedID":485,"BreedType":"Cat","BreedName":"Himalayan/ Colorpoint Persian"},
{"breedID":486,"BreedType":"Cat","BreedName":"LePerm"},
{"breedID":487,"BreedType":"Cat","BreedName":"Minskin"},
{"breedID":488,"BreedType":"Cat","BreedName":"Munhkin"},
{"breedID":489,"BreedType":"Cat","BreedName":"Ragamuffin"},
{"breedID":490,"BreedType":"Cat","BreedName":"Savannah"},
{"breedID":491,"BreedType":"Cat","BreedName":"Serval/ African Serval"},
{"breedID":492,"BreedType":"Cat","BreedName":"Toyger"},
{"breedID":493,"BreedType":"Cat","BreedName":"York Chocolate Cat"}]